Run,d__Bacteria;p__Bacteroidota;c__Bacteroidia;o__Bacteroidales;f__Prevotellaceae,d__Bacteria;p__Bacteroidota;c__Bacteroidia;o__Bacteroidales;f__Bacteroidaceae,d__Bacteria;p__Firmicutes;c__Clostridia;o__Oscillospirales;f__Ruminococcaceae,d__Bacteria;p__Firmicutes;c__Clostridia;o__Lachnospirales;f__Lachnospiraceae,d__Bacteria;p__Proteobacteria;c__Gammaproteobacteria;o__Aeromonadales;f__Succinivibrionaceae,d__Bacteria;p__Firmicutes;c__Negativicutes;o__Acidaminococcales;f__Acidaminococcaceae,d__Bacteria;p__Firmicutes;c__Negativicutes;o__Veillonellales-Selenomonadales;f__Veillonellaceae,d__Bacteria;p__Firmicutes;c__Negativicutes;o__Veillonellales-Selenomonadales;f__Selenomonadaceae,d__Bacteria;p__Bacteroidota;c__Bacteroidia;o__Bacteroidales;f__Rikenellaceae,d__Bacteria;p__Firmicutes;c__Clostridia;o__Oscillospirales;f__Oscillospiraceae,d__Bacteria;p__Bacteroidota;c__Bacteroidia;o__Bacteroidales;__,d__Bacteria;p__Actinobacteriota;c__Actinobacteria;o__Bifidobacteriales;f__Bifidobacteriaceae,d__Bacteria;p__Proteobacteria;c__Gammaproteobacteria;o__Enterobacterales;f__Enterobacteriaceae,d__Bacteria;p__Firmicutes;c__Bacilli;o__Lactobacillales;f__Lactobacillaceae,d__Bacteria;p__Firmicutes;c__Clostridia;o__Christensenellales;f__Christensenellaceae,d__Bacteria;__;__;__;__,d__Bacteria;p__Cyanobacteria;c__Vampirivibrionia;o__Gastranaerophilales;f__Gastranaerophilales,d__Bacteria;p__Proteobacteria;c__Gammaproteobacteria;o__Enterobacterales;__,d__Bacteria;p__Proteobacteria;c__Gammaproteobacteria;o__Burkholderiales;f__Sutterellaceae,d__Bacteria;p__Bacteroidota;c__Bacteroidia;o__Bacteroidales;f__Tannerellaceae,d__Bacteria;p__Firmicutes;c__Clostridia;o__Peptostreptococcales-Tissierellales;f__Peptostreptococcaceae,d__Bacteria;p__Firmicutes;c__Clostridia;o__Clostridia_vadinBB60_group;f__Clostridia_vadinBB60_group,d__Bacteria;p__Firmicutes;c__Clostridia;o__Clostridia_UCG-014;f__Clostridia_UCG-014,d__Bacteria;p__Desulfobacterota;c__Desulfovibrionia;o__Desulfovibrionales;f__Desulfovibrionaceae,d__Bacteria;p__Firmicutes;c__Clostridia;o__Oscillospirales;f__[Eubacterium]_coprostanoligenes_group,d__Bacteria;p__Bacteroidota;c__Bacteroidia;o__Bacteroidales;f__Barnesiellaceae,d__Bacteria;p__Firmicutes;c__Bacilli;o__Erysipelotrichales;f__Erysipelatoclostridiaceae,d__Bacteria;p__Firmicutes;c__Clostridia;o__Clostridiales;f__Clostridiaceae,d__Bacteria;p__Elusimicrobiota;c__Elusimicrobia;o__Elusimicrobiales;f__Elusimicrobiaceae,d__Bacteria;p__Bacteroidota;c__Bacteroidia;o__Bacteroidales;f__Muribaculaceae,d__Bacteria;p__Proteobacteria;c__Gammaproteobacteria;o__Pasteurellales;f__Pasteurellaceae,d__Bacteria;p__Firmicutes;c__Clostridia;o__Monoglobales;f__Monoglobaceae,d__Eukaryota;__;__;__;__,d__Bacteria;p__Firmicutes;c__Clostridia;o__Oscillospirales;f__Butyricicoccaceae,d__Bacteria;p__Firmicutes;c__Clostridia;__;__,d__Bacteria;p__Bacteroidota;c__Bacteroidia;o__Bacteroidales;f__Marinifilaceae,d__Bacteria;p__Firmicutes;c__Bacilli;o__Erysipelotrichales;f__Erysipelotrichaceae,Unassigned;__;__;__;__,d__Bacteria;p__Firmicutes;c__Bacilli;o__RF39;f__RF39,d__Bacteria;p__Firmicutes;c__Bacilli;o__Lactobacillales;f__Streptococcaceae,d__Bacteria;p__Fusobacteriota;c__Fusobacteriia;o__Fusobacteriales;f__Fusobacteriaceae,d__Bacteria;p__Verrucomicrobiota;c__Verrucomicrobiae;o__Verrucomicrobiales;f__Akkermansiaceae,d__Bacteria;p__Firmicutes;c__Clostridia;o__Peptostreptococcales-Tissierellales;f__Anaerovoracaceae,d__Bacteria;p__Firmicutes;c__Clostridia;o__Oscillospirales;f__UCG-010,d__Bacteria;p__Proteobacteria;c__Alphaproteobacteria;__;__,d__Bacteria;p__Cyanobacteria;c__Cyanobacteriia;o__Chloroplast;f__Chloroplast,d__Bacteria;p__Firmicutes;c__Clostridia;o__Oscillospirales;__,d__Bacteria;p__Actinobacteriota;c__Coriobacteriia;o__Coriobacteriales;f__Coriobacteriaceae,d__Bacteria;p__Proteobacteria;c__Gammaproteobacteria;o__Burkholderiales;f__Comamonadaceae,d__Bacteria;p__Actinobacteriota;c__Coriobacteriia;o__Coriobacteriales;f__Atopobiaceae,d__Bacteria;p__Proteobacteria;c__Gammaproteobacteria;o__Burkholderiales;__,d__Bacteria;p__Synergistota;c__Synergistia;o__Synergistales;f__Synergistaceae,d__Bacteria;p__Firmicutes;c__Clostridia;o__Peptostreptococcales-Tissierellales;__,d__Bacteria;p__Proteobacteria;c__Gammaproteobacteria;o__Burkholderiales;f__Oxalobacteraceae,d__Bacteria;p__Firmicutes;c__Bacilli;o__Erysipelotrichales;__,d__Bacteria;p__Verrucomicrobiota;c__Lentisphaeria;o__Victivallales;f__Victivallaceae,d__Bacteria;p__Firmicutes;c__Bacilli;o__Lactobacillales;f__Enterococcaceae,d__Bacteria;p__Firmicutes;c__Negativicutes;__;__,d__Bacteria;p__Firmicutes;c__Clostridia;o__Lachnospirales;f__Defluviitaleaceae,d__Bacteria;p__Firmicutes;c__Bacilli;o__Izemoplasmatales;f__Izemoplasmatales,d__Bacteria;p__Actinobacteriota;c__Actinobacteria;o__Propionibacteriales;f__Propionibacteriaceae,d__Bacteria;p__Actinobacteriota;c__Coriobacteriia;o__Coriobacteriales;f__Eggerthellaceae,d__Bacteria;p__Firmicutes;c__Clostridia;o__Peptostreptococcales-Tissierellales;f__Peptostreptococcales-Tissierellales,d__Bacteria;p__Firmicutes;c__Bacilli;o__Lactobacillales;f__Leuconostocaceae,d__Bacteria;p__Actinobacteriota;c__Actinobacteria;o__Micrococcales;f__Micrococcaceae,d__Bacteria;p__Proteobacteria;c__Gammaproteobacteria;o__Enterobacterales;f__Morganellaceae,d__Bacteria;p__Bacteroidota;c__Bacteroidia;o__Flavobacteriales;f__Weeksellaceae,d__Bacteria;p__Patescibacteria;c__Saccharimonadia;o__Saccharimonadales;f__Saccharimonadaceae,d__Bacteria;p__Verrucomicrobiota;c__Lentisphaeria;o__Victivallales;f__vadinBE97,d__Bacteria;p__Firmicutes;c__Clostridia;o__Peptococcales;f__Peptococcaceae,d__Bacteria;p__Firmicutes;c__Bacilli;__;__,d__Bacteria;p__Firmicutes;c__Bacilli;o__Lactobacillales;__,d__Bacteria;p__Firmicutes;c__Bacilli;o__Acholeplasmatales;f__Acholeplasmataceae,d__Bacteria;p__Firmicutes;c__Bacilli;o__Lactobacillales;f__Carnobacteriaceae,d__Bacteria;p__Proteobacteria;c__Gammaproteobacteria;o__Pseudomonadales;f__Moraxellaceae,d__Bacteria;p__Firmicutes;c__Bacilli;o__Staphylococcales;f__Staphylococcaceae,d__Bacteria;p__Campilobacterota;c__Campylobacteria;o__Campylobacterales;f__Campylobacteraceae,d__Bacteria;p__Proteobacteria;c__Gammaproteobacteria;o__Pseudomonadales;f__Pseudomonadaceae,d__Bacteria;p__Actinobacteriota;c__Actinobacteria;o__Actinomycetales;f__Actinomycetaceae,d__Bacteria;p__Firmicutes;c__Clostridia;o__Eubacteriales;f__Eubacteriaceae,d__Bacteria;p__Patescibacteria;c__Saccharimonadia;o__Saccharimonadales;f__Saccharimonadales,d__Bacteria;p__Actinobacteriota;c__Coriobacteriia;o__Coriobacteriales;f__Coriobacteriales_Incertae_Sedis,d__Bacteria;p__Actinobacteriota;c__Actinobacteria;__;__,d__Bacteria;p__Bacteroidota;c__Bacteroidia;o__Bacteroidales;f__Porphyromonadaceae,d__Bacteria;p__Firmicutes;c__Clostridia;o__Oscillospirales;f__uncultured,d__Bacteria;p__Firmicutes;c__Clostridia;o__Oscillospirales;f__[Clostridium]_methylpentosum_group,d__Bacteria;p__Proteobacteria;c__Gammaproteobacteria;o__Burkholderiales;f__Neisseriaceae,d__Bacteria;p__Firmicutes;c__Bacilli;o__Bacillales;f__Bacillaceae,d__Bacteria;p__Firmicutes;c__Clostridia;o__Oscillospirales;f__Oscillospirales,d__Bacteria;p__Actinobacteriota;c__Actinobacteria;o__Corynebacteriales;f__Corynebacteriaceae,d__Bacteria;p__Acidobacteriota;c__Blastocatellia;o__Blastocatellales;f__Blastocatellaceae,d__Bacteria;p__Firmicutes;c__Bacilli;o__Staphylococcales;f__Gemellaceae,d__Bacteria;p__Patescibacteria;c__Gracilibacteria;o__Absconditabacteriales_(SR1);f__Absconditabacteriales_(SR1),d__Bacteria;p__Bacteroidota;c__Bacteroidia;__;__,forward-absolute-filepath,reverse-absolute-filepath
SRR5057576,145685.0,2678.0,5696.0,8454.0,30088.0,2038.0,192.0,3958.0,63.0,1126.0,2035.0,674.0,375.0,97.0,74.0,92.0,0.0,0.0,734.0,213.0,7.0,56.0,32.0,19.0,57.0,56.0,36.0,16.0,0.0,0.0,224.0,28.0,405.0,50.0,42.0,227.0,64.0,151.0,9.0,15.0,0.0,0.0,24.0,150.0,0.0,0.0,0.0,0.0,0.0,0.0,0.0,0.0,22.0,0.0,0.0,0.0,0.0,0.0,18.0,0.0,0.0,0.0,0.0,0.0,0.0,0.0,0.0,0.0,0.0,16.0,0.0,0.0,0.0,0.0,0.0,0.0,0.0,0.0,0.0,0.0,0.0,0.0,0.0,0.0,0.0,0.0,9.0,0.0,0.0,0.0,0.0,0.0,0.0,0.0,/mnt/f/utkan/pulikkan2018/fastq/5B/SRR5057576_1.fastq,/mnt/f/utkan/pulikkan2018/fastq/5B/SRR5057576_2.fastq;;;;;;;;;;;;;;;;;;;;;;;;;;;;;;;;;;;;;;;;;;;;;;;;;;;;;;;;;;;;;;;;;;;;;;;;;;;;;;;;;;;;;;;;;;;;;;;;;;;;;;;;;;;;;;;;;;;;;;;;;;;;;;;;;;;;;;;;;;;;;;;;;;;;;;;;;;;;;;;;;;;;;;;;;;;;;;;;;;;;;;;;;;;;;;;;;;;;;;;;;;;;;;;;;;;;;;;;;;;;;;;;;;;;;;;;;;;;;;;;;;;;;;;;;;;;;;;;;;;;;;;;;;;;;;;;;;;;;;;;;;;;;;;;;;;;;;;;;;;;;;;;;;;;;;;;;;;;;;;;;;;;;;;;;;;;;;;;;;;;;;;;;;;;;;;;;;;;;;;;;;;;;;;;;;;;;;;;
SRR5057579,146312.0,7.0,6402.0,2753.0,0.0,120.0,2952.0,0.0,23.0,464.0,36.0,1122.0,0.0,308.0,14.0,43.0,0.0,0.0,813.0,16.0,0.0,58.0,0.0,3.0,27.0,5.0,812.0,0.0,0.0,0.0,9.0,0.0,461.0,57.0,0.0,27.0,19.0,111.0,0.0,0.0,0.0,0.0,4.0,0.0,0.0,0.0,0.0,61.0,0.0,125.0,0.0,0.0,0.0,0.0,0.0,0.0,0.0,0.0,0.0,0.0,0.0,0.0,0.0,0.0,0.0,0.0,0.0,0.0,0.0,0.0,0.0,0.0,0.0,0.0,0.0,0.0,0.0,0.0,0.0,0.0,0.0,0.0,0.0,0.0,0.0,0.0,0.0,0.0,0.0,0.0,0.0,0.0,0.0,0.0,/mnt/f/utkan/pulikkan2018/fastq/5B/SRR5057579_1.fastq,/mnt/f/utkan/pulikkan2018/fastq/5B/SRR5057579_2.fastq;;;;;;;;;;;;;;;;;;;;;;;;;;;;;;;;;;;;;;;;;;;;;;;;;;;;;;;;;;;;;;;;;;;;;;;;;;;;;;;;;;;;;;;;;;;;;;;;;;;;;;;;;;;;;;;;;;;;;;;;;;;;;;;;;;;;;;;;;;;;;;;;;;;;;;;;;;;;;;;;;;;;;;;;;;;;;;;;;;;;;;;;;;;;;;;;;;;;;;;;;;;;;;;;;;;;;;;;;;;;;;;;;;;;;;;;;;;;;;;;;;;;;;;;;;;;;;;;;;;;;;;;;;;;;;;;;;;;;;;;;;;;;;;;;;;;;;;;;;;;;;;;;;;;;;;;;;;;;;;;;;;;;;;;;;;;;;;;;;;;;;;;;;;;;;;;;;;;;;;;;;;;;;;;;;;;;;;;
SRR5057587,189349.0,1076.0,2015.0,5710.0,0.0,1580.0,15821.0,0.0,226.0,1210.0,1589.0,621.0,82.0,247.0,101.0,0.0,0.0,0.0,1281.0,70.0,53.0,7.0,0.0,48.0,620.0,0.0,55.0,208.0,0.0,16.0,12.0,15.0,215.0,76.0,66.0,135.0,49.0,74.0,0.0,0.0,0.0,0.0,19.0,6.0,0.0,0.0,0.0,0.0,0.0,171.0,0.0,0.0,0.0,6.0,99.0,6.0,0.0,0.0,9.0,0.0,6.0,0.0,0.0,0.0,0.0,0.0,0.0,0.0,0.0,6.0,0.0,0.0,0.0,0.0,0.0,5.0,0.0,0.0,0.0,0.0,0.0,0.0,0.0,0.0,0.0,0.0,0.0,0.0,0.0,0.0,0.0,0.0,0.0,0.0,/mnt/f/utkan/pulikkan2018/fastq/5B/SRR5057587_1.fastq,/mnt/f/utkan/pulikkan2018/fastq/5B/SRR5057587_2.fastq;;;;;;;;;;;;;;;;;;;;;;;;;;;;;;;;;;;;;;;;;;;;;;;;;;;;;;;;;;;;;;;;;;;;;;;;;;;;;;;;;;;;;;;;;;;;;;;;;;;;;;;;;;;;;;;;;;;;;;;;;;;;;;;;;;;;;;;;;;;;;;;;;;;;;;;;;;;;;;;;;;;;;;;;;;;;;;;;;;;;;;;;;;;;;;;;;;;;;;;;;;;;;;;;;;;;;;;;;;;;;;;;;;;;;;;;;;;;;;;;;;;;;;;;;;;;;;;;;;;;;;;;;;;;;;;;;;;;;;;;;;;;;;;;;;;;;;;;;;;;;;;;;;;;;;;;;;;;;;;;;;;;;;;;;;;;;;;;;;;;;;;;;;;;;;;;;;;;;;;;;;;;;;;;;;;;;;;;
SRR5057589,113.0,343773.0,36350.0,48406.0,0.0,0.0,20399.0,0.0,0.0,21607.0,5.0,14991.0,3470.0,947.0,4.0,264.0,0.0,0.0,648.0,9714.0,387.0,0.0,0.0,3729.0,0.0,0.0,299.0,398.0,0.0,0.0,44.0,1848.0,1672.0,475.0,0.0,0.0,1243.0,247.0,0.0,80.0,303.0,0.0,0.0,0.0,0.0,0.0,0.0,0.0,44.0,0.0,0.0,0.0,0.0,150.0,0.0,91.0,26.0,0.0,0.0,0.0,16.0,74.0,28.0,25.0,0.0,0.0,0.0,0.0,0.0,0.0,0.0,0.0,0.0,0.0,0.0,0.0,11.0,17.0,9.0,16.0,0.0,0.0,0.0,6.0,0.0,0.0,0.0,0.0,0.0,7.0,0.0,0.0,0.0,0.0,/mnt/f/utkan/pulikkan2018/fastq/5B/SRR5057589_1.fastq,/mnt/f/utkan/pulikkan2018/fastq/5B/SRR5057589_2.fastq;;;;;;;;;;;;;;;;;;;;;;;;;;;;;;;;;;;;;;;;;;;;;;;;;;;;;;;;;;;;;;;;;;;;;;;;;;;;;;;;;;;;;;;;;;;;;;;;;;;;;;;;;;;;;;;;;;;;;;;;;;;;;;;;;;;;;;;;;;;;;;;;;;;;;;;;;;;;;;;;;;;;;;;;;;;;;;;;;;;;;;;;;;;;;;;;;;;;;;;;;;;;;;;;;;;;;;;;;;;;;;;;;;;;;;;;;;;;;;;;;;;;;;;;;;;;;;;;;;;;;;;;;;;;;;;;;;;;;;;;;;;;;;;;;;;;;;;;;;;;;;;;;;;;;;;;;;;;;;;;;;;;;;;;;;;;;;;;;;;;;;;;;;;;;;;;;;;;;;;;;;;;;;;;;;;;;;;;
SRR5057591,338719.0,9103.0,61149.0,124530.0,40.0,215.0,39449.0,41627.0,2962.0,11948.0,31.0,55.0,1536.0,0.0,570.0,268.0,494.0,0.0,1211.0,1817.0,190.0,106.0,250.0,214.0,1290.0,1022.0,903.0,234.0,0.0,3975.0,257.0,141.0,2356.0,87.0,244.0,246.0,346.0,695.0,236.0,88.0,0.0,29.0,97.0,71.0,0.0,0.0,82.0,64.0,41.0,0.0,20.0,334.0,0.0,57.0,0.0,0.0,0.0,0.0,36.0,0.0,15.0,3.0,8.0,0.0,0.0,0.0,0.0,0.0,0.0,3.0,0.0,0.0,0.0,0.0,0.0,17.0,0.0,0.0,0.0,0.0,0.0,0.0,0.0,0.0,0.0,0.0,0.0,0.0,0.0,0.0,0.0,0.0,0.0,0.0,/mnt/f/utkan/pulikkan2018/fastq/5B/SRR5057591_1.fastq,/mnt/f/utkan/pulikkan2018/fastq/5B/SRR5057591_2.fastq;;;;;;;;;;;;;;;;;;;;;;;;;;;;;;;;;;;;;;;;;;;;;;;;;;;;;;;;;;;;;;;;;;;;;;;;;;;;;;;;;;;;;;;;;;;;;;;;;;;;;;;;;;;;;;;;;;;;;;;;;;;;;;;;;;;;;;;;;;;;;;;;;;;;;;;;;;;;;;;;;;;;;;;;;;;;;;;;;;;;;;;;;;;;;;;;;;;;;;;;;;;;;;;;;;;;;;;;;;;;;;;;;;;;;;;;;;;;;;;;;;;;;;;;;;;;;;;;;;;;;;;;;;;;;;;;;;;;;;;;;;;;;;;;;;;;;;;;;;;;;;;;;;;;;;;;;;;;;;;;;;;;;;;;;;;;;;;;;;;;;;;;;;;;;;;;;;;;;;;;;;;;;;;;;;;;;;;;
SRR5057594,0.0,146621.0,9967.0,65151.0,0.0,171.0,121373.0,62.0,0.0,1579.0,0.0,35.0,26878.0,11922.0,0.0,131.0,0.0,363.0,2769.0,2674.0,957.0,0.0,0.0,0.0,0.0,0.0,700.0,505.0,0.0,0.0,2243.0,0.0,605.0,2010.0,0.0,0.0,450.0,419.0,0.0,137.0,6.0,0.0,0.0,0.0,0.0,13.0,0.0,0.0,0.0,0.0,0.0,0.0,0.0,0.0,0.0,0.0,97.0,0.0,0.0,0.0,3.0,15.0,20.0,0.0,10.0,56.0,0.0,0.0,0.0,0.0,0.0,0.0,0.0,25.0,0.0,0.0,0.0,0.0,0.0,13.0,0.0,0.0,0.0,0.0,0.0,0.0,0.0,9.0,0.0,0.0,0.0,0.0,0.0,0.0,/mnt/f/utkan/pulikkan2018/fastq/5B/SRR5057594_1.fastq,/mnt/f/utkan/pulikkan2018/fastq/5B/SRR5057594_2.fastq;;;;;;;;;;;;;;;;;;;;;;;;;;;;;;;;;;;;;;;;;;;;;;;;;;;;;;;;;;;;;;;;;;;;;;;;;;;;;;;;;;;;;;;;;;;;;;;;;;;;;;;;;;;;;;;;;;;;;;;;;;;;;;;;;;;;;;;;;;;;;;;;;;;;;;;;;;;;;;;;;;;;;;;;;;;;;;;;;;;;;;;;;;;;;;;;;;;;;;;;;;;;;;;;;;;;;;;;;;;;;;;;;;;;;;;;;;;;;;;;;;;;;;;;;;;;;;;;;;;;;;;;;;;;;;;;;;;;;;;;;;;;;;;;;;;;;;;;;;;;;;;;;;;;;;;;;;;;;;;;;;;;;;;;;;;;;;;;;;;;;;;;;;;;;;;;;;;;;;;;;;;;;;;;;;;;;;;;
SRR5057595,361248.0,40511.0,103701.0,103621.0,0.0,74792.0,205.0,3910.0,34756.0,51412.0,0.0,6199.0,20300.0,0.0,12936.0,21674.0,3685.0,8553.0,2813.0,6140.0,346.0,10397.0,0.0,506.0,3684.0,0.0,3571.0,0.0,0.0,0.0,440.0,38.0,2007.0,245.0,210.0,1241.0,110.0,368.0,88.0,295.0,9.0,526.0,604.0,0.0,0.0,23.0,56.0,140.0,0.0,44.0,0.0,0.0,0.0,0.0,0.0,0.0,0.0,0.0,82.0,0.0,20.0,9.0,26.0,0.0,23.0,0.0,0.0,0.0,0.0,0.0,0.0,0.0,0.0,14.0,0.0,0.0,0.0,0.0,0.0,0.0,0.0,14.0,0.0,6.0,0.0,0.0,0.0,0.0,0.0,0.0,0.0,0.0,0.0,0.0,/mnt/f/utkan/pulikkan2018/fastq/5B/SRR5057595_1.fastq,/mnt/f/utkan/pulikkan2018/fastq/5B/SRR5057595_2.fastq;;;;;;;;;;;;;;;;;;;;;;;;;;;;;;;;;;;;;;;;;;;;;;;;;;;;;;;;;;;;;;;;;;;;;;;;;;;;;;;;;;;;;;;;;;;;;;;;;;;;;;;;;;;;;;;;;;;;;;;;;;;;;;;;;;;;;;;;;;;;;;;;;;;;;;;;;;;;;;;;;;;;;;;;;;;;;;;;;;;;;;;;;;;;;;;;;;;;;;;;;;;;;;;;;;;;;;;;;;;;;;;;;;;;;;;;;;;;;;;;;;;;;;;;;;;;;;;;;;;;;;;;;;;;;;;;;;;;;;;;;;;;;;;;;;;;;;;;;;;;;;;;;;;;;;;;;;;;;;;;;;;;;;;;;;;;;;;;;;;;;;;;;;;;;;;;;;;;;;;;;;;;;;;;;;;;;;;;
SRR5057599,106986.0,2409.0,39428.0,51927.0,1292.0,0.0,10815.0,0.0,469.0,27091.0,12430.0,34.0,477.0,0.0,5731.0,418.0,101.0,0.0,243.0,268.0,157.0,2624.0,423.0,451.0,3647.0,970.0,414.0,413.0,405.0,0.0,132.0,47.0,445.0,878.0,2585.0,466.0,988.0,124.0,938.0,45.0,0.0,0.0,248.0,1046.0,0.0,0.0,348.0,18.0,0.0,0.0,210.0,0.0,41.0,116.0,0.0,9.0,0.0,0.0,65.0,82.0,8.0,8.0,11.0,0.0,8.0,0.0,57.0,38.0,74.0,25.0,0.0,0.0,31.0,0.0,75.0,0.0,0.0,0.0,0.0,0.0,0.0,0.0,0.0,0.0,0.0,0.0,0.0,0.0,0.0,0.0,0.0,0.0,3.0,0.0,/mnt/f/utkan/pulikkan2018/fastq/5B/SRR5057599_1.fastq,/mnt/f/utkan/pulikkan2018/fastq/5B/SRR5057599_2.fastq;;;;;;;;;;;;;;;;;;;;;;;;;;;;;;;;;;;;;;;;;;;;;;;;;;;;;;;;;;;;;;;;;;;;;;;;;;;;;;;;;;;;;;;;;;;;;;;;;;;;;;;;;;;;;;;;;;;;;;;;;;;;;;;;;;;;;;;;;;;;;;;;;;;;;;;;;;;;;;;;;;;;;;;;;;;;;;;;;;;;;;;;;;;;;;;;;;;;;;;;;;;;;;;;;;;;;;;;;;;;;;;;;;;;;;;;;;;;;;;;;;;;;;;;;;;;;;;;;;;;;;;;;;;;;;;;;;;;;;;;;;;;;;;;;;;;;;;;;;;;;;;;;;;;;;;;;;;;;;;;;;;;;;;;;;;;;;;;;;;;;;;;;;;;;;;;;;;;;;;;;;;;;;;;;;;;;;;;
SRR5057600,239670.0,1600.0,59305.0,3049.0,0.0,11.0,4889.0,381.0,480.0,1266.0,0.0,130.0,0.0,0.0,131.0,77.0,17.0,0.0,1419.0,445.0,0.0,301.0,37.0,10.0,0.0,18.0,115.0,12.0,0.0,4.0,0.0,0.0,1288.0,0.0,24.0,39.0,5.0,83.0,13.0,0.0,0.0,0.0,92.0,11.0,0.0,0.0,0.0,0.0,66.0,0.0,0.0,0.0,0.0,11.0,0.0,0.0,0.0,0.0,0.0,0.0,18.0,0.0,0.0,0.0,0.0,0.0,0.0,0.0,0.0,0.0,34.0,0.0,0.0,0.0,0.0,14.0,0.0,0.0,0.0,0.0,0.0,0.0,0.0,0.0,0.0,0.0,0.0,0.0,0.0,0.0,0.0,0.0,0.0,3.0,/mnt/f/utkan/pulikkan2018/fastq/5B/SRR5057600_1.fastq,/mnt/f/utkan/pulikkan2018/fastq/5B/SRR5057600_2.fastq;;;;;;;;;;;;;;;;;;;;;;;;;;;;;;;;;;;;;;;;;;;;;;;;;;;;;;;;;;;;;;;;;;;;;;;;;;;;;;;;;;;;;;;;;;;;;;;;;;;;;;;;;;;;;;;;;;;;;;;;;;;;;;;;;;;;;;;;;;;;;;;;;;;;;;;;;;;;;;;;;;;;;;;;;;;;;;;;;;;;;;;;;;;;;;;;;;;;;;;;;;;;;;;;;;;;;;;;;;;;;;;;;;;;;;;;;;;;;;;;;;;;;;;;;;;;;;;;;;;;;;;;;;;;;;;;;;;;;;;;;;;;;;;;;;;;;;;;;;;;;;;;;;;;;;;;;;;;;;;;;;;;;;;;;;;;;;;;;;;;;;;;;;;;;;;;;;;;;;;;;;;;;;;;;;;;;;;;
SRR5057603,69536.0,1397.0,20121.0,92411.0,0.0,0.0,31987.0,4679.0,60.0,11303.0,17435.0,428.0,2580.0,2.0,7197.0,2039.0,40.0,191.0,423.0,258.0,494.0,762.0,681.0,91.0,2447.0,338.0,120.0,441.0,0.0,0.0,0.0,302.0,663.0,64.0,241.0,214.0,503.0,852.0,30.0,117.0,0.0,0.0,394.0,49.0,0.0,286.0,0.0,22.0,0.0,114.0,0.0,0.0,0.0,9.0,0.0,0.0,0.0,0.0,12.0,0.0,15.0,7.0,13.0,8.0,15.0,0.0,0.0,11.0,0.0,0.0,9.0,0.0,4.0,0.0,0.0,0.0,5.0,0.0,13.0,0.0,0.0,0.0,0.0,0.0,0.0,0.0,0.0,0.0,0.0,0.0,0.0,0.0,0.0,0.0,/mnt/f/utkan/pulikkan2018/fastq/5B/SRR5057603_1.fastq,/mnt/f/utkan/pulikkan2018/fastq/5B/SRR5057603_2.fastq;;;;;;;;;;;;;;;;;;;;;;;;;;;;;;;;;;;;;;;;;;;;;;;;;;;;;;;;;;;;;;;;;;;;;;;;;;;;;;;;;;;;;;;;;;;;;;;;;;;;;;;;;;;;;;;;;;;;;;;;;;;;;;;;;;;;;;;;;;;;;;;;;;;;;;;;;;;;;;;;;;;;;;;;;;;;;;;;;;;;;;;;;;;;;;;;;;;;;;;;;;;;;;;;;;;;;;;;;;;;;;;;;;;;;;;;;;;;;;;;;;;;;;;;;;;;;;;;;;;;;;;;;;;;;;;;;;;;;;;;;;;;;;;;;;;;;;;;;;;;;;;;;;;;;;;;;;;;;;;;;;;;;;;;;;;;;;;;;;;;;;;;;;;;;;;;;;;;;;;;;;;;;;;;;;;;;;;;
SRR5057607,61.0,60776.0,74047.0,80213.0,4.0,0.0,1040.0,1143.0,5.0,450.0,0.0,219.0,0.0,12.0,0.0,2176.0,0.0,0.0,1074.0,0.0,115.0,0.0,0.0,0.0,262.0,0.0,0.0,123.0,0.0,0.0,593.0,55.0,445.0,47.0,0.0,3.0,5.0,809.0,0.0,417.0,0.0,0.0,0.0,0.0,0.0,8.0,0.0,14.0,0.0,0.0,0.0,0.0,0.0,0.0,0.0,0.0,0.0,0.0,0.0,0.0,8.0,0.0,0.0,4.0,25.0,0.0,0.0,4.0,0.0,0.0,0.0,0.0,0.0,0.0,0.0,0.0,7.0,0.0,0.0,0.0,0.0,0.0,13.0,0.0,0.0,0.0,0.0,0.0,0.0,0.0,0.0,0.0,0.0,0.0,/mnt/f/utkan/pulikkan2018/fastq/5B/SRR5057607_1.fastq,/mnt/f/utkan/pulikkan2018/fastq/5B/SRR5057607_2.fastq;;;;;;;;;;;;;;;;;;;;;;;;;;;;;;;;;;;;;;;;;;;;;;;;;;;;;;;;;;;;;;;;;;;;;;;;;;;;;;;;;;;;;;;;;;;;;;;;;;;;;;;;;;;;;;;;;;;;;;;;;;;;;;;;;;;;;;;;;;;;;;;;;;;;;;;;;;;;;;;;;;;;;;;;;;;;;;;;;;;;;;;;;;;;;;;;;;;;;;;;;;;;;;;;;;;;;;;;;;;;;;;;;;;;;;;;;;;;;;;;;;;;;;;;;;;;;;;;;;;;;;;;;;;;;;;;;;;;;;;;;;;;;;;;;;;;;;;;;;;;;;;;;;;;;;;;;;;;;;;;;;;;;;;;;;;;;;;;;;;;;;;;;;;;;;;;;;;;;;;;;;;;;;;;;;;;;;;;
SRR5057609,198.0,24760.0,90336.0,69110.0,45.0,9.0,1666.0,7.0,0.0,222.0,0.0,202.0,38.0,64.0,3.0,203.0,14.0,0.0,5249.0,977.0,199.0,0.0,13.0,68.0,17.0,0.0,33.0,738.0,0.0,0.0,15.0,0.0,628.0,253.0,13.0,0.0,32.0,89.0,0.0,81.0,0.0,57.0,0.0,14.0,0.0,36.0,0.0,0.0,0.0,0.0,0.0,0.0,0.0,0.0,0.0,0.0,0.0,0.0,0.0,0.0,9.0,0.0,0.0,9.0,0.0,0.0,0.0,0.0,0.0,0.0,0.0,34.0,0.0,0.0,0.0,0.0,0.0,0.0,0.0,0.0,0.0,0.0,0.0,0.0,0.0,0.0,0.0,0.0,0.0,0.0,0.0,0.0,0.0,0.0,/mnt/f/utkan/pulikkan2018/fastq/5B/SRR5057609_1.fastq,/mnt/f/utkan/pulikkan2018/fastq/5B/SRR5057609_2.fastq;;;;;;;;;;;;;;;;;;;;;;;;;;;;;;;;;;;;;;;;;;;;;;;;;;;;;;;;;;;;;;;;;;;;;;;;;;;;;;;;;;;;;;;;;;;;;;;;;;;;;;;;;;;;;;;;;;;;;;;;;;;;;;;;;;;;;;;;;;;;;;;;;;;;;;;;;;;;;;;;;;;;;;;;;;;;;;;;;;;;;;;;;;;;;;;;;;;;;;;;;;;;;;;;;;;;;;;;;;;;;;;;;;;;;;;;;;;;;;;;;;;;;;;;;;;;;;;;;;;;;;;;;;;;;;;;;;;;;;;;;;;;;;;;;;;;;;;;;;;;;;;;;;;;;;;;;;;;;;;;;;;;;;;;;;;;;;;;;;;;;;;;;;;;;;;;;;;;;;;;;;;;;;;;;;;;;;;;
SRR5057611,160290.0,558.0,32515.0,8079.0,0.0,0.0,9106.0,0.0,54.0,1307.0,1271.0,56.0,216.0,0.0,40.0,3746.0,4194.0,0.0,4542.0,79.0,148.0,4.0,101.0,6.0,169.0,0.0,216.0,105.0,0.0,0.0,110.0,0.0,644.0,246.0,153.0,92.0,49.0,643.0,0.0,10.0,0.0,0.0,23.0,32.0,0.0,36.0,84.0,9.0,0.0,0.0,0.0,0.0,7.0,0.0,0.0,0.0,0.0,0.0,0.0,0.0,13.0,13.0,0.0,0.0,0.0,0.0,0.0,3.0,0.0,0.0,0.0,0.0,0.0,0.0,0.0,11.0,0.0,0.0,0.0,0.0,0.0,0.0,0.0,0.0,0.0,0.0,0.0,0.0,0.0,0.0,0.0,0.0,0.0,0.0,/mnt/f/utkan/pulikkan2018/fastq/5B/SRR5057611_1.fastq,/mnt/f/utkan/pulikkan2018/fastq/5B/SRR5057611_2.fastq;;;;;;;;;;;;;;;;;;;;;;;;;;;;;;;;;;;;;;;;;;;;;;;;;;;;;;;;;;;;;;;;;;;;;;;;;;;;;;;;;;;;;;;;;;;;;;;;;;;;;;;;;;;;;;;;;;;;;;;;;;;;;;;;;;;;;;;;;;;;;;;;;;;;;;;;;;;;;;;;;;;;;;;;;;;;;;;;;;;;;;;;;;;;;;;;;;;;;;;;;;;;;;;;;;;;;;;;;;;;;;;;;;;;;;;;;;;;;;;;;;;;;;;;;;;;;;;;;;;;;;;;;;;;;;;;;;;;;;;;;;;;;;;;;;;;;;;;;;;;;;;;;;;;;;;;;;;;;;;;;;;;;;;;;;;;;;;;;;;;;;;;;;;;;;;;;;;;;;;;;;;;;;;;;;;;;;;;
SRR5057614,257459.0,364.0,16979.0,22640.0,141532.0,10.0,1769.0,50.0,85.0,1765.0,2420.0,190.0,11.0,3.0,278.0,3519.0,2721.0,0.0,1106.0,114.0,947.0,884.0,848.0,8.0,1139.0,37.0,99.0,2553.0,2204.0,0.0,105.0,87.0,667.0,127.0,676.0,537.0,25.0,1728.0,29.0,138.0,0.0,8.0,54.0,373.0,414.0,67.0,9.0,11.0,0.0,0.0,0.0,0.0,22.0,0.0,0.0,0.0,0.0,0.0,0.0,3.0,15.0,0.0,0.0,13.0,0.0,0.0,0.0,4.0,43.0,18.0,31.0,0.0,0.0,5.0,0.0,11.0,6.0,0.0,17.0,0.0,0.0,0.0,0.0,0.0,0.0,0.0,0.0,0.0,0.0,0.0,0.0,0.0,0.0,0.0,/mnt/f/utkan/pulikkan2018/fastq/5B/SRR5057614_1.fastq,/mnt/f/utkan/pulikkan2018/fastq/5B/SRR5057614_2.fastq;;;;;;;;;;;;;;;;;;;;;;;;;;;;;;;;;;;;;;;;;;;;;;;;;;;;;;;;;;;;;;;;;;;;;;;;;;;;;;;;;;;;;;;;;;;;;;;;;;;;;;;;;;;;;;;;;;;;;;;;;;;;;;;;;;;;;;;;;;;;;;;;;;;;;;;;;;;;;;;;;;;;;;;;;;;;;;;;;;;;;;;;;;;;;;;;;;;;;;;;;;;;;;;;;;;;;;;;;;;;;;;;;;;;;;;;;;;;;;;;;;;;;;;;;;;;;;;;;;;;;;;;;;;;;;;;;;;;;;;;;;;;;;;;;;;;;;;;;;;;;;;;;;;;;;;;;;;;;;;;;;;;;;;;;;;;;;;;;;;;;;;;;;;;;;;;;;;;;;;;;;;;;;;;;;;;;;;;
SRR5057615,199455.0,19842.0,64668.0,101817.0,37.0,5769.0,18140.0,25.0,3902.0,13674.0,3241.0,483.0,3784.0,0.0,1459.0,177.0,151.0,0.0,1358.0,2809.0,288.0,989.0,4628.0,353.0,254.0,3144.0,1302.0,259.0,2587.0,0.0,0.0,124.0,1135.0,659.0,440.0,1493.0,57.0,310.0,593.0,21.0,0.0,11.0,145.0,686.0,0.0,0.0,512.0,45.0,353.0,0.0,0.0,0.0,100.0,16.0,0.0,12.0,0.0,87.0,0.0,0.0,11.0,10.0,45.0,0.0,9.0,0.0,0.0,4.0,3.0,3.0,0.0,0.0,0.0,0.0,4.0,0.0,0.0,0.0,0.0,0.0,0.0,0.0,0.0,26.0,11.0,0.0,0.0,0.0,8.0,0.0,5.0,0.0,0.0,0.0,/mnt/f/utkan/pulikkan2018/fastq/5B/SRR5057615_1.fastq,/mnt/f/utkan/pulikkan2018/fastq/5B/SRR5057615_2.fastq;;;;;;;;;;;;;;;;;;;;;;;;;;;;;;;;;;;;;;;;;;;;;;;;;;;;;;;;;;;;;;;;;;;;;;;;;;;;;;;;;;;;;;;;;;;;;;;;;;;;;;;;;;;;;;;;;;;;;;;;;;;;;;;;;;;;;;;;;;;;;;;;;;;;;;;;;;;;;;;;;;;;;;;;;;;;;;;;;;;;;;;;;;;;;;;;;;;;;;;;;;;;;;;;;;;;;;;;;;;;;;;;;;;;;;;;;;;;;;;;;;;;;;;;;;;;;;;;;;;;;;;;;;;;;;;;;;;;;;;;;;;;;;;;;;;;;;;;;;;;;;;;;;;;;;;;;;;;;;;;;;;;;;;;;;;;;;;;;;;;;;;;;;;;;;;;;;;;;;;;;;;;;;;;;;;;;;;;
SRR5057617,143080.0,1067.0,10381.0,7676.0,0.0,6.0,29514.0,619.0,45.0,2078.0,82.0,3563.0,2965.0,283.0,73.0,367.0,1569.0,0.0,2769.0,418.0,49.0,147.0,0.0,0.0,940.0,0.0,187.0,0.0,0.0,0.0,0.0,0.0,679.0,27.0,114.0,14.0,17.0,104.0,1953.0,27.0,0.0,27.0,0.0,13.0,0.0,41.0,0.0,172.0,34.0,0.0,0.0,0.0,0.0,19.0,0.0,0.0,0.0,0.0,0.0,0.0,15.0,20.0,0.0,0.0,0.0,0.0,0.0,0.0,0.0,0.0,0.0,0.0,0.0,0.0,4.0,0.0,0.0,0.0,0.0,0.0,0.0,0.0,0.0,0.0,0.0,0.0,0.0,0.0,0.0,0.0,0.0,0.0,0.0,0.0,/mnt/f/utkan/pulikkan2018/fastq/5B/SRR5057617_1.fastq,/mnt/f/utkan/pulikkan2018/fastq/5B/SRR5057617_2.fastq;;;;;;;;;;;;;;;;;;;;;;;;;;;;;;;;;;;;;;;;;;;;;;;;;;;;;;;;;;;;;;;;;;;;;;;;;;;;;;;;;;;;;;;;;;;;;;;;;;;;;;;;;;;;;;;;;;;;;;;;;;;;;;;;;;;;;;;;;;;;;;;;;;;;;;;;;;;;;;;;;;;;;;;;;;;;;;;;;;;;;;;;;;;;;;;;;;;;;;;;;;;;;;;;;;;;;;;;;;;;;;;;;;;;;;;;;;;;;;;;;;;;;;;;;;;;;;;;;;;;;;;;;;;;;;;;;;;;;;;;;;;;;;;;;;;;;;;;;;;;;;;;;;;;;;;;;;;;;;;;;;;;;;;;;;;;;;;;;;;;;;;;;;;;;;;;;;;;;;;;;;;;;;;;;;;;;;;;
SRR5057619,56740.0,116712.0,15449.0,171009.0,4.0,18.0,14429.0,8535.0,3394.0,2574.0,0.0,3288.0,488.0,0.0,0.0,283.0,0.0,0.0,7507.0,1350.0,15.0,0.0,0.0,367.0,0.0,0.0,654.0,0.0,0.0,0.0,46.0,0.0,1319.0,142.0,104.0,14.0,206.0,91.0,22.0,148.0,416.0,0.0,0.0,0.0,0.0,0.0,0.0,0.0,71.0,0.0,0.0,0.0,0.0,0.0,14.0,0.0,0.0,0.0,0.0,0.0,20.0,0.0,0.0,25.0,0.0,0.0,0.0,0.0,0.0,0.0,0.0,0.0,0.0,0.0,0.0,16.0,0.0,17.0,0.0,0.0,0.0,0.0,0.0,0.0,0.0,11.0,0.0,0.0,0.0,0.0,0.0,0.0,0.0,0.0,/mnt/f/utkan/pulikkan2018/fastq/5B/SRR5057619_1.fastq,/mnt/f/utkan/pulikkan2018/fastq/5B/SRR5057619_2.fastq;;;;;;;;;;;;;;;;;;;;;;;;;;;;;;;;;;;;;;;;;;;;;;;;;;;;;;;;;;;;;;;;;;;;;;;;;;;;;;;;;;;;;;;;;;;;;;;;;;;;;;;;;;;;;;;;;;;;;;;;;;;;;;;;;;;;;;;;;;;;;;;;;;;;;;;;;;;;;;;;;;;;;;;;;;;;;;;;;;;;;;;;;;;;;;;;;;;;;;;;;;;;;;;;;;;;;;;;;;;;;;;;;;;;;;;;;;;;;;;;;;;;;;;;;;;;;;;;;;;;;;;;;;;;;;;;;;;;;;;;;;;;;;;;;;;;;;;;;;;;;;;;;;;;;;;;;;;;;;;;;;;;;;;;;;;;;;;;;;;;;;;;;;;;;;;;;;;;;;;;;;;;;;;;;;;;;;;;
SRR5057623,253853.0,575.0,17680.0,39397.0,0.0,5.0,16127.0,6107.0,13.0,3006.0,2301.0,120.0,719.0,10.0,1491.0,1857.0,8884.0,85.0,349.0,107.0,1874.0,221.0,282.0,41.0,837.0,100.0,149.0,1554.0,0.0,0.0,122.0,107.0,793.0,60.0,55.0,117.0,263.0,783.0,9.0,117.0,0.0,0.0,151.0,42.0,0.0,42.0,6.0,0.0,0.0,27.0,0.0,0.0,13.0,7.0,29.0,0.0,0.0,0.0,0.0,0.0,10.0,0.0,28.0,10.0,17.0,0.0,0.0,23.0,0.0,0.0,3.0,0.0,9.0,10.0,0.0,0.0,14.0,0.0,16.0,0.0,16.0,0.0,0.0,0.0,0.0,0.0,0.0,0.0,0.0,0.0,0.0,4.0,0.0,0.0,/mnt/f/utkan/pulikkan2018/fastq/5B/SRR5057623_1.fastq,/mnt/f/utkan/pulikkan2018/fastq/5B/SRR5057623_2.fastq;;;;;;;;;;;;;;;;;;;;;;;;;;;;;;;;;;;;;;;;;;;;;;;;;;;;;;;;;;;;;;;;;;;;;;;;;;;;;;;;;;;;;;;;;;;;;;;;;;;;;;;;;;;;;;;;;;;;;;;;;;;;;;;;;;;;;;;;;;;;;;;;;;;;;;;;;;;;;;;;;;;;;;;;;;;;;;;;;;;;;;;;;;;;;;;;;;;;;;;;;;;;;;;;;;;;;;;;;;;;;;;;;;;;;;;;;;;;;;;;;;;;;;;;;;;;;;;;;;;;;;;;;;;;;;;;;;;;;;;;;;;;;;;;;;;;;;;;;;;;;;;;;;;;;;;;;;;;;;;;;;;;;;;;;;;;;;;;;;;;;;;;;;;;;;;;;;;;;;;;;;;;;;;;;;;;;;;;
SRR5057624,99503.0,83.0,6384.0,9334.0,0.0,16.0,6255.0,8183.0,22.0,273.0,150.0,179.0,183.0,0.0,46.0,771.0,77.0,0.0,0.0,0.0,4138.0,3.0,116.0,11.0,65.0,10.0,609.0,912.0,0.0,0.0,42.0,29.0,167.0,48.0,0.0,26.0,315.0,144.0,0.0,0.0,0.0,0.0,8.0,18.0,0.0,18.0,0.0,30.0,0.0,85.0,0.0,5.0,0.0,0.0,0.0,0.0,0.0,0.0,0.0,0.0,0.0,0.0,0.0,0.0,0.0,0.0,0.0,0.0,0.0,0.0,0.0,0.0,0.0,0.0,0.0,0.0,0.0,0.0,0.0,0.0,0.0,0.0,0.0,0.0,0.0,0.0,0.0,0.0,0.0,0.0,0.0,0.0,0.0,0.0,/mnt/f/utkan/pulikkan2018/fastq/5B/SRR5057624_1.fastq,/mnt/f/utkan/pulikkan2018/fastq/5B/SRR5057624_2.fastq;;;;;;;;;;;;;;;;;;;;;;;;;;;;;;;;;;;;;;;;;;;;;;;;;;;;;;;;;;;;;;;;;;;;;;;;;;;;;;;;;;;;;;;;;;;;;;;;;;;;;;;;;;;;;;;;;;;;;;;;;;;;;;;;;;;;;;;;;;;;;;;;;;;;;;;;;;;;;;;;;;;;;;;;;;;;;;;;;;;;;;;;;;;;;;;;;;;;;;;;;;;;;;;;;;;;;;;;;;;;;;;;;;;;;;;;;;;;;;;;;;;;;;;;;;;;;;;;;;;;;;;;;;;;;;;;;;;;;;;;;;;;;;;;;;;;;;;;;;;;;;;;;;;;;;;;;;;;;;;;;;;;;;;;;;;;;;;;;;;;;;;;;;;;;;;;;;;;;;;;;;;;;;;;;;;;;;;;
SRR5057627,23.0,22641.0,61770.0,28131.0,0.0,307.0,1747.0,0.0,15.0,289.0,10.0,793.0,10186.0,1291.0,0.0,0.0,0.0,45.0,509.0,38.0,243.0,0.0,0.0,4.0,898.0,34.0,0.0,37.0,0.0,0.0,181.0,278.0,289.0,502.0,0.0,8.0,12.0,90.0,0.0,115.0,0.0,0.0,4.0,0.0,0.0,0.0,0.0,5.0,7.0,0.0,0.0,0.0,0.0,0.0,0.0,0.0,0.0,0.0,0.0,0.0,0.0,3.0,0.0,5.0,0.0,0.0,0.0,0.0,0.0,0.0,0.0,0.0,0.0,0.0,0.0,0.0,0.0,0.0,0.0,0.0,0.0,0.0,0.0,0.0,0.0,0.0,0.0,0.0,0.0,0.0,0.0,0.0,0.0,0.0,/mnt/f/utkan/pulikkan2018/fastq/5B/SRR5057627_1.fastq,/mnt/f/utkan/pulikkan2018/fastq/5B/SRR5057627_2.fastq;;;;;;;;;;;;;;;;;;;;;;;;;;;;;;;;;;;;;;;;;;;;;;;;;;;;;;;;;;;;;;;;;;;;;;;;;;;;;;;;;;;;;;;;;;;;;;;;;;;;;;;;;;;;;;;;;;;;;;;;;;;;;;;;;;;;;;;;;;;;;;;;;;;;;;;;;;;;;;;;;;;;;;;;;;;;;;;;;;;;;;;;;;;;;;;;;;;;;;;;;;;;;;;;;;;;;;;;;;;;;;;;;;;;;;;;;;;;;;;;;;;;;;;;;;;;;;;;;;;;;;;;;;;;;;;;;;;;;;;;;;;;;;;;;;;;;;;;;;;;;;;;;;;;;;;;;;;;;;;;;;;;;;;;;;;;;;;;;;;;;;;;;;;;;;;;;;;;;;;;;;;;;;;;;;;;;;;;
